strategy,name,no_property_sample,eigval_prod,pstable,avg_min_dist,ratio,maxdim,rrate,name,props,log_paths,time metric,acquisition,time metric value
bald,ShapeNet::Canister_714320da4aafcb4a47be2353d2b2403b,4,2.8005664864912037e-05,0.0,0.004857664454787619,2.2356580461387634,0.2,0.8662878787878788,ShapeNet::Canister_714320da4aafcb4a47be2353d2b2403b,0.001_-0.000_-0.028_0.100_0.125,learning/experiments/logs/grasp_no-com-2-latents_fit_bald_train_geo_object44-20230327-123127,average precision,24,-0.0
bald,ShapeNet::CeilingLamp_b375f5b9102a97fecd187756f8df9a56,0,7.596672566727864e-05,0.0,0.013134419073441858,2.81933546293868,0.2,0.8770491803278688,ShapeNet::CeilingLamp_b375f5b9102a97fecd187756f8df9a56,0.000_-0.000_-0.015_0.161_0.198,learning/experiments/logs/grasp_no-com-2-latents_fit_bald_train_geo_object340-20230327-183057,average precision,24,-0.0
bald,ShapeNet::CeilingLamp_b375f5b9102a97fecd187756f8df9a56,1,7.596672566727864e-05,0.0,0.013134419073441858,2.81933546293868,0.2,0.8770491803278688,ShapeNet::CeilingLamp_b375f5b9102a97fecd187756f8df9a56,0.000_-0.000_-0.015_0.195_0.188,learning/experiments/logs/grasp_no-com-2-latents_fit_bald_train_geo_object341-20230327-183151,average precision,24,-0.0
bald,ShapeNet::CeilingLamp_b375f5b9102a97fecd187756f8df9a56,2,7.596672566727864e-05,0.0,0.013134419073441858,2.81933546293868,0.2,0.8770491803278688,ShapeNet::CeilingLamp_b375f5b9102a97fecd187756f8df9a56,0.000_-0.000_-0.015_0.149_0.145,learning/experiments/logs/grasp_no-com-2-latents_fit_bald_train_geo_object342-20230327-183247,average precision,24,-0.0
bald,ShapeNet::CeilingLamp_b375f5b9102a97fecd187756f8df9a56,3,7.596672566727864e-05,0.0,0.013134419073441858,2.81933546293868,0.2,0.8770491803278688,ShapeNet::CeilingLamp_b375f5b9102a97fecd187756f8df9a56,0.000_-0.000_-0.015_0.151_0.275,learning/experiments/logs/grasp_no-com-2-latents_fit_bald_train_geo_object343-20230327-183343,average precision,24,-0.0
bald,ShapeNet::CeilingLamp_b375f5b9102a97fecd187756f8df9a56,4,7.596672566727864e-05,0.0,0.013134419073441858,2.81933546293868,0.2,0.8770491803278688,ShapeNet::CeilingLamp_b375f5b9102a97fecd187756f8df9a56,0.000_-0.000_-0.015_0.155_0.240,learning/experiments/logs/grasp_no-com-2-latents_fit_bald_train_geo_object344-20230327-183439,average precision,24,-0.0
bald,ShapeNet::ChestOfDrawers_d5dfa7ba7d587fa7cc77a85ce16f6c28,0,4.974677367705823e-05,0.0,0.020587105127664884,5.154108395329701,0.2,0.6571428571428571,ShapeNet::ChestOfDrawers_d5dfa7ba7d587fa7cc77a85ce16f6c28,0.000_-0.000_0.011_0.144_0.156,learning/experiments/logs/grasp_no-com-2-latents_fit_bald_train_geo_object80-20230327-131518,average precision,24,-0.0
bald,ShapeNet::ChestOfDrawers_d5dfa7ba7d587fa7cc77a85ce16f6c28,1,4.974677367705823e-05,0.0,0.020587105127664884,5.154108395329701,0.2,0.6571428571428571,ShapeNet::ChestOfDrawers_d5dfa7ba7d587fa7cc77a85ce16f6c28,0.000_-0.000_0.011_0.159_0.289,learning/experiments/logs/grasp_no-com-2-latents_fit_bald_train_geo_object81-20230327-131606,average precision,24,-0.0
bald,ShapeNet::ChestOfDrawers_d5dfa7ba7d587fa7cc77a85ce16f6c28,2,4.974677367705823e-05,0.0,0.020587105127664884,5.154108395329701,0.2,0.6571428571428571,ShapeNet::ChestOfDrawers_d5dfa7ba7d587fa7cc77a85ce16f6c28,0.000_-0.000_0.011_0.138_0.263,learning/experiments/logs/grasp_no-com-2-latents_fit_bald_train_geo_object82-20230327-131656,average precision,24,-0.0
bald,ShapeNet::ChestOfDrawers_d5dfa7ba7d587fa7cc77a85ce16f6c28,3,4.974677367705823e-05,0.0,0.020587105127664884,5.154108395329701,0.2,0.6571428571428571,ShapeNet::ChestOfDrawers_d5dfa7ba7d587fa7cc77a85ce16f6c28,0.000_-0.000_0.011_0.150_0.282,learning/experiments/logs/grasp_no-com-2-latents_fit_bald_train_geo_object83-20230327-131743,average precision,24,-0.0
bald,ShapeNet::ChestOfDrawers_d5dfa7ba7d587fa7cc77a85ce16f6c28,4,4.974677367705823e-05,0.0,0.020587105127664884,5.154108395329701,0.2,0.6571428571428571,ShapeNet::ChestOfDrawers_d5dfa7ba7d587fa7cc77a85ce16f6c28,0.000_-0.000_0.011_0.173_0.258,learning/experiments/logs/grasp_no-com-2-latents_fit_bald_train_geo_object84-20230327-131832,average precision,24,-0.0
bald,ShapeNet::FloorLamp_18d91829adf1574ecf004563556ddb36,0,0.00011979540149201948,0.0,0.006082636685405283,75.46053967129461,0.2,0.4989473684210527,ShapeNet::FloorLamp_18d91829adf1574ecf004563556ddb36,0.000_0.004_-0.015_0.118_0.284,learning/experiments/logs/grasp_no-com-2-latents_fit_bald_train_geo_object45-20230327-123219,average precision,24,-0.0
bald,ShapeNet::FloorLamp_18d91829adf1574ecf004563556ddb36,1,0.00011979540149201948,0.0,0.006082636685405283,75.46053967129461,0.2,0.4989473684210527,ShapeNet::FloorLamp_18d91829adf1574ecf004563556ddb36,0.000_0.004_-0.015_0.104_0.133,learning/experiments/logs/grasp_no-com-2-latents_fit_bald_train_geo_object46-20230327-123306,average precision,24,-0.0
bald,ShapeNet::FloorLamp_18d91829adf1574ecf004563556ddb36,2,0.00011979540149201948,0.0,0.006082636685405283,75.46053967129461,0.2,0.4989473684210527,ShapeNet::FloorLamp_18d91829adf1574ecf004563556ddb36,0.000_0.004_-0.015_0.165_0.113,learning/experiments/logs/grasp_no-com-2-latents_fit_bald_train_geo_object47-20230327-123354,average precision,24,-0.0
bald,ShapeNet::FloorLamp_18d91829adf1574ecf004563556ddb36,3,0.00011979540149201948,0.005,0.006082636685405283,75.46053967129461,0.2,0.4989473684210527,ShapeNet::FloorLamp_18d91829adf1574ecf004563556ddb36,0.000_0.004_-0.015_0.120_0.152,learning/experiments/logs/grasp_no-com-2-latents_fit_bald_train_geo_object48-20230327-123444,average precision,24,-0.0
bald,ShapeNet::FloorLamp_18d91829adf1574ecf004563556ddb36,4,0.00011979540149201948,0.0,0.006082636685405283,75.46053967129461,0.2,0.4989473684210527,ShapeNet::FloorLamp_18d91829adf1574ecf004563556ddb36,0.000_0.004_-0.015_0.138_0.272,learning/experiments/logs/grasp_no-com-2-latents_fit_bald_train_geo_object49-20230327-123531,average precision,24,-0.0
bald,ShapeNet::FoodItem_16d2017606945083324387582810ec10,4,8.998631626542024e-05,0.0,0.005663623965218694,3.3607083424815563,0.2,0.864963503649635,ShapeNet::FoodItem_16d2017606945083324387582810ec10,0.000_0.048_-0.000_0.136_0.179,learning/experiments/logs/grasp_no-com-2-latents_fit_bald_train_geo_object264-20230327-170101,average precision,24,-0.0
bald,ShapeNet::Mug_159e56c18906830278d8f8c02c47cde0,0,0.00011352105679552951,0.0,0.019446013209435276,4.9294892831984365,0.2,0.7990697674418605,ShapeNet::Mug_159e56c18906830278d8f8c02c47cde0,-0.006_0.000_-0.003_0.110_0.205,learning/experiments/logs/grasp_no-com-2-latents_fit_bald_train_geo_object35-20230327-122335,average precision,24,-0.0
bald,ShapeNet::Mug_159e56c18906830278d8f8c02c47cde0,1,0.00011352105679552951,0.0,0.019446013209435276,4.9294892831984365,0.2,0.7990697674418605,ShapeNet::Mug_159e56c18906830278d8f8c02c47cde0,-0.006_0.000_-0.003_0.159_0.265,learning/experiments/logs/grasp_no-com-2-latents_fit_bald_train_geo_object36-20230327-122427,average precision,24,-0.0
bald,ShapeNet::Mug_159e56c18906830278d8f8c02c47cde0,2,0.00011352105679552951,0.0,0.019446013209435276,4.9294892831984365,0.2,0.7990697674418605,ShapeNet::Mug_159e56c18906830278d8f8c02c47cde0,-0.006_0.000_-0.003_0.160_0.288,learning/experiments/logs/grasp_no-com-2-latents_fit_bald_train_geo_object37-20230327-122517,average precision,24,-0.0
bald,ShapeNet::Mug_159e56c18906830278d8f8c02c47cde0,3,0.00011352105679552951,0.0,0.019446013209435276,4.9294892831984365,0.2,0.7990697674418605,ShapeNet::Mug_159e56c18906830278d8f8c02c47cde0,-0.006_0.000_-0.003_0.175_0.189,learning/experiments/logs/grasp_no-com-2-latents_fit_bald_train_geo_object38-20230327-122609,average precision,24,-0.0
bald,ShapeNet::Mug_159e56c18906830278d8f8c02c47cde0,4,0.00011352105679552951,0.0,0.019446013209435276,4.9294892831984365,0.2,0.7990697674418605,ShapeNet::Mug_159e56c18906830278d8f8c02c47cde0,-0.006_0.000_-0.003_0.104_0.298,learning/experiments/logs/grasp_no-com-2-latents_fit_bald_train_geo_object39-20230327-122659,average precision,24,-0.0
bald,ShapeNet::OfficeChair_14977bca24205cc2a6fee8e2140acec9,0,8.699832249088836e-05,0.0,0.02160124475293377,19.59932641466252,0.2,0.39032258064516134,ShapeNet::OfficeChair_14977bca24205cc2a6fee8e2140acec9,-0.001_0.016_0.010_0.113_0.125,learning/experiments/logs/grasp_no-com-2-latents_fit_bald_train_geo_object130-20230327-141713,average precision,24,-0.0
bald,ShapeNet::OfficeChair_14977bca24205cc2a6fee8e2140acec9,1,8.699832249088836e-05,0.0,0.02160124475293377,19.59932641466252,0.2,0.39032258064516134,ShapeNet::OfficeChair_14977bca24205cc2a6fee8e2140acec9,-0.001_0.016_0.010_0.184_0.148,learning/experiments/logs/grasp_no-com-2-latents_fit_bald_train_geo_object131-20230327-141810,average precision,24,-0.0
bald,ShapeNet::OfficeChair_14977bca24205cc2a6fee8e2140acec9,2,8.699832249088836e-05,0.0,0.02160124475293377,19.59932641466252,0.2,0.39032258064516134,ShapeNet::OfficeChair_14977bca24205cc2a6fee8e2140acec9,-0.001_0.016_0.010_0.103_0.165,learning/experiments/logs/grasp_no-com-2-latents_fit_bald_train_geo_object132-20230327-141907,average precision,24,-0.0
bald,ShapeNet::OfficeChair_14977bca24205cc2a6fee8e2140acec9,3,8.699832249088836e-05,0.0,0.02160124475293377,19.59932641466252,0.2,0.39032258064516134,ShapeNet::OfficeChair_14977bca24205cc2a6fee8e2140acec9,-0.001_0.016_0.010_0.139_0.275,learning/experiments/logs/grasp_no-com-2-latents_fit_bald_train_geo_object133-20230327-142004,average precision,24,-0.0
bald,ShapeNet::OfficeChair_14977bca24205cc2a6fee8e2140acec9,4,8.699832249088836e-05,0.0,0.02160124475293377,19.59932641466252,0.2,0.39032258064516134,ShapeNet::OfficeChair_14977bca24205cc2a6fee8e2140acec9,-0.001_0.016_0.010_0.191_0.259,learning/experiments/logs/grasp_no-com-2-latents_fit_bald_train_geo_object134-20230327-142102,average precision,24,-0.0
bald,ShapeNet::Table_63c654404604688c153f43b48d21615e,2,0.00015777262444012624,0.0,0.01923203425282663,9.462524768161614,0.2,0.8691275167785235,ShapeNet::Table_63c654404604688c153f43b48d21615e,-0.000_-0.000_0.028_0.199_0.106,learning/experiments/logs/grasp_no-com-2-latents_fit_bald_train_geo_object332-20230327-182222,average precision,24,-0.0
random,ShapeNet::Canister_714320da4aafcb4a47be2353d2b2403b,4,2.8005664864912037e-05,0.0,0.004857664454787619,2.2356580461387634,0.2,0.8662878787878788,ShapeNet::Canister_714320da4aafcb4a47be2353d2b2403b,0.001_-0.000_-0.028_0.100_0.125,learning/experiments/logs/grasp_no-com-2-latents_fit_random_train_geo_object44-20230329-223322,average precision,24,-0.0
random,ShapeNet::CeilingLamp_b375f5b9102a97fecd187756f8df9a56,0,7.596672566727864e-05,0.0,0.013134419073441858,2.81933546293868,0.2,0.8770491803278688,ShapeNet::CeilingLamp_b375f5b9102a97fecd187756f8df9a56,0.000_-0.000_-0.015_0.161_0.198,learning/experiments/logs/grasp_no-com-2-latents_fit_random_train_geo_object340-20230329-235439,average precision,24,-0.0
random,ShapeNet::CeilingLamp_b375f5b9102a97fecd187756f8df9a56,1,7.596672566727864e-05,0.0,0.013134419073441858,2.81933546293868,0.2,0.8770491803278688,ShapeNet::CeilingLamp_b375f5b9102a97fecd187756f8df9a56,0.000_-0.000_-0.015_0.195_0.188,learning/experiments/logs/grasp_no-com-2-latents_fit_random_train_geo_object341-20230329-235454,average precision,24,-0.0
random,ShapeNet::CeilingLamp_b375f5b9102a97fecd187756f8df9a56,2,7.596672566727864e-05,0.0,0.013134419073441858,2.81933546293868,0.2,0.8770491803278688,ShapeNet::CeilingLamp_b375f5b9102a97fecd187756f8df9a56,0.000_-0.000_-0.015_0.149_0.145,learning/experiments/logs/grasp_no-com-2-latents_fit_random_train_geo_object342-20230329-235509,average precision,24,-0.0
random,ShapeNet::CeilingLamp_b375f5b9102a97fecd187756f8df9a56,3,7.596672566727864e-05,0.0,0.013134419073441858,2.81933546293868,0.2,0.8770491803278688,ShapeNet::CeilingLamp_b375f5b9102a97fecd187756f8df9a56,0.000_-0.000_-0.015_0.151_0.275,learning/experiments/logs/grasp_no-com-2-latents_fit_random_train_geo_object343-20230329-235525,average precision,24,-0.0
random,ShapeNet::CeilingLamp_b375f5b9102a97fecd187756f8df9a56,4,7.596672566727864e-05,0.0,0.013134419073441858,2.81933546293868,0.2,0.8770491803278688,ShapeNet::CeilingLamp_b375f5b9102a97fecd187756f8df9a56,0.000_-0.000_-0.015_0.155_0.240,learning/experiments/logs/grasp_no-com-2-latents_fit_random_train_geo_object344-20230329-235541,average precision,24,-0.0
random,ShapeNet::ChestOfDrawers_d5dfa7ba7d587fa7cc77a85ce16f6c28,0,4.974677367705823e-05,0.0,0.020587105127664884,5.154108395329701,0.2,0.6571428571428571,ShapeNet::ChestOfDrawers_d5dfa7ba7d587fa7cc77a85ce16f6c28,0.000_-0.000_0.011_0.144_0.156,learning/experiments/logs/grasp_no-com-2-latents_fit_random_train_geo_object80-20230329-224254,average precision,24,-0.0
random,ShapeNet::ChestOfDrawers_d5dfa7ba7d587fa7cc77a85ce16f6c28,1,4.974677367705823e-05,0.0,0.020587105127664884,5.154108395329701,0.2,0.6571428571428571,ShapeNet::ChestOfDrawers_d5dfa7ba7d587fa7cc77a85ce16f6c28,0.000_-0.000_0.011_0.159_0.289,learning/experiments/logs/grasp_no-com-2-latents_fit_random_train_geo_object81-20230329-224308,average precision,24,-0.0
random,ShapeNet::ChestOfDrawers_d5dfa7ba7d587fa7cc77a85ce16f6c28,2,4.974677367705823e-05,0.0,0.020587105127664884,5.154108395329701,0.2,0.6571428571428571,ShapeNet::ChestOfDrawers_d5dfa7ba7d587fa7cc77a85ce16f6c28,0.000_-0.000_0.011_0.138_0.263,learning/experiments/logs/grasp_no-com-2-latents_fit_random_train_geo_object82-20230329-224322,average precision,24,-0.0
random,ShapeNet::ChestOfDrawers_d5dfa7ba7d587fa7cc77a85ce16f6c28,3,4.974677367705823e-05,0.0,0.020587105127664884,5.154108395329701,0.2,0.6571428571428571,ShapeNet::ChestOfDrawers_d5dfa7ba7d587fa7cc77a85ce16f6c28,0.000_-0.000_0.011_0.150_0.282,learning/experiments/logs/grasp_no-com-2-latents_fit_random_train_geo_object83-20230329-224337,average precision,24,-0.0
random,ShapeNet::ChestOfDrawers_d5dfa7ba7d587fa7cc77a85ce16f6c28,4,4.974677367705823e-05,0.0,0.020587105127664884,5.154108395329701,0.2,0.6571428571428571,ShapeNet::ChestOfDrawers_d5dfa7ba7d587fa7cc77a85ce16f6c28,0.000_-0.000_0.011_0.173_0.258,learning/experiments/logs/grasp_no-com-2-latents_fit_random_train_geo_object84-20230329-224351,average precision,24,-0.0
random,ShapeNet::FloorLamp_18d91829adf1574ecf004563556ddb36,0,0.00011979540149201948,0.0,0.006082636685405283,75.46053967129461,0.2,0.4989473684210527,ShapeNet::FloorLamp_18d91829adf1574ecf004563556ddb36,0.000_0.004_-0.015_0.118_0.284,learning/experiments/logs/grasp_no-com-2-latents_fit_random_train_geo_object45-20230329-223337,average precision,24,-0.0
random,ShapeNet::FloorLamp_18d91829adf1574ecf004563556ddb36,1,0.00011979540149201948,0.0,0.006082636685405283,75.46053967129461,0.2,0.4989473684210527,ShapeNet::FloorLamp_18d91829adf1574ecf004563556ddb36,0.000_0.004_-0.015_0.104_0.133,learning/experiments/logs/grasp_no-com-2-latents_fit_random_train_geo_object46-20230329-223350,average precision,24,-0.0
random,ShapeNet::FloorLamp_18d91829adf1574ecf004563556ddb36,2,0.00011979540149201948,0.0,0.006082636685405283,75.46053967129461,0.2,0.4989473684210527,ShapeNet::FloorLamp_18d91829adf1574ecf004563556ddb36,0.000_0.004_-0.015_0.165_0.113,learning/experiments/logs/grasp_no-com-2-latents_fit_random_train_geo_object47-20230329-223404,average precision,24,-0.0
random,ShapeNet::FloorLamp_18d91829adf1574ecf004563556ddb36,3,0.00011979540149201948,0.005,0.006082636685405283,75.46053967129461,0.2,0.4989473684210527,ShapeNet::FloorLamp_18d91829adf1574ecf004563556ddb36,0.000_0.004_-0.015_0.120_0.152,learning/experiments/logs/grasp_no-com-2-latents_fit_random_train_geo_object48-20230329-223417,average precision,24,-0.0
random,ShapeNet::FloorLamp_18d91829adf1574ecf004563556ddb36,4,0.00011979540149201948,0.0,0.006082636685405283,75.46053967129461,0.2,0.4989473684210527,ShapeNet::FloorLamp_18d91829adf1574ecf004563556ddb36,0.000_0.004_-0.015_0.138_0.272,learning/experiments/logs/grasp_no-com-2-latents_fit_random_train_geo_object49-20230329-223431,average precision,24,-0.0
random,ShapeNet::FoodItem_16d2017606945083324387582810ec10,4,8.998631626542024e-05,0.0,0.005663623965218694,3.3607083424815563,0.2,0.864963503649635,ShapeNet::FoodItem_16d2017606945083324387582810ec10,0.000_0.048_-0.000_0.136_0.179,learning/experiments/logs/grasp_no-com-2-latents_fit_random_train_geo_object264-20230329-233343,average precision,24,-0.0
random,ShapeNet::Mug_159e56c18906830278d8f8c02c47cde0,0,0.00011352105679552951,0.0,0.019446013209435276,4.9294892831984365,0.2,0.7990697674418605,ShapeNet::Mug_159e56c18906830278d8f8c02c47cde0,-0.006_0.000_-0.003_0.110_0.205,learning/experiments/logs/grasp_no-com-2-latents_fit_random_train_geo_object35-20230329-223114,average precision,24,-0.0
random,ShapeNet::Mug_159e56c18906830278d8f8c02c47cde0,1,0.00011352105679552951,0.0,0.019446013209435276,4.9294892831984365,0.2,0.7990697674418605,ShapeNet::Mug_159e56c18906830278d8f8c02c47cde0,-0.006_0.000_-0.003_0.159_0.265,learning/experiments/logs/grasp_no-com-2-latents_fit_random_train_geo_object36-20230329-223128,average precision,24,-0.0
random,ShapeNet::Mug_159e56c18906830278d8f8c02c47cde0,2,0.00011352105679552951,0.0,0.019446013209435276,4.9294892831984365,0.2,0.7990697674418605,ShapeNet::Mug_159e56c18906830278d8f8c02c47cde0,-0.006_0.000_-0.003_0.160_0.288,learning/experiments/logs/grasp_no-com-2-latents_fit_random_train_geo_object37-20230329-223143,average precision,24,-0.0
random,ShapeNet::Mug_159e56c18906830278d8f8c02c47cde0,3,0.00011352105679552951,0.0,0.019446013209435276,4.9294892831984365,0.2,0.7990697674418605,ShapeNet::Mug_159e56c18906830278d8f8c02c47cde0,-0.006_0.000_-0.003_0.175_0.189,learning/experiments/logs/grasp_no-com-2-latents_fit_random_train_geo_object38-20230329-223157,average precision,24,-0.0
random,ShapeNet::Mug_159e56c18906830278d8f8c02c47cde0,4,0.00011352105679552951,0.0,0.019446013209435276,4.9294892831984365,0.2,0.7990697674418605,ShapeNet::Mug_159e56c18906830278d8f8c02c47cde0,-0.006_0.000_-0.003_0.104_0.298,learning/experiments/logs/grasp_no-com-2-latents_fit_random_train_geo_object39-20230329-223211,average precision,24,-0.0
random,ShapeNet::OfficeChair_14977bca24205cc2a6fee8e2140acec9,0,8.699832249088836e-05,0.0,0.02160124475293377,19.59932641466252,0.2,0.39032258064516134,ShapeNet::OfficeChair_14977bca24205cc2a6fee8e2140acec9,-0.001_0.016_0.010_0.113_0.125,learning/experiments/logs/grasp_no-com-2-latents_fit_random_train_geo_object130-20230329-225629,average precision,24,-0.0
random,ShapeNet::OfficeChair_14977bca24205cc2a6fee8e2140acec9,1,8.699832249088836e-05,0.0,0.02160124475293377,19.59932641466252,0.2,0.39032258064516134,ShapeNet::OfficeChair_14977bca24205cc2a6fee8e2140acec9,-0.001_0.016_0.010_0.184_0.148,learning/experiments/logs/grasp_no-com-2-latents_fit_random_train_geo_object131-20230329-225644,average precision,24,-0.0
random,ShapeNet::OfficeChair_14977bca24205cc2a6fee8e2140acec9,2,8.699832249088836e-05,0.0,0.02160124475293377,19.59932641466252,0.2,0.39032258064516134,ShapeNet::OfficeChair_14977bca24205cc2a6fee8e2140acec9,-0.001_0.016_0.010_0.103_0.165,learning/experiments/logs/grasp_no-com-2-latents_fit_random_train_geo_object132-20230329-225700,average precision,24,-0.0
random,ShapeNet::OfficeChair_14977bca24205cc2a6fee8e2140acec9,3,8.699832249088836e-05,0.0,0.02160124475293377,19.59932641466252,0.2,0.39032258064516134,ShapeNet::OfficeChair_14977bca24205cc2a6fee8e2140acec9,-0.001_0.016_0.010_0.139_0.275,learning/experiments/logs/grasp_no-com-2-latents_fit_random_train_geo_object133-20230329-225715,average precision,24,-0.0
random,ShapeNet::OfficeChair_14977bca24205cc2a6fee8e2140acec9,4,8.699832249088836e-05,0.0,0.02160124475293377,19.59932641466252,0.2,0.39032258064516134,ShapeNet::OfficeChair_14977bca24205cc2a6fee8e2140acec9,-0.001_0.016_0.010_0.191_0.259,learning/experiments/logs/grasp_no-com-2-latents_fit_random_train_geo_object134-20230329-225732,average precision,24,-0.0
random,ShapeNet::Table_63c654404604688c153f43b48d21615e,2,0.00015777262444012624,0.0,0.01923203425282663,9.462524768161614,0.2,0.8691275167785235,ShapeNet::Table_63c654404604688c153f43b48d21615e,-0.000_-0.000_0.028_0.199_0.106,learning/experiments/logs/grasp_no-com-2-latents_fit_random_train_geo_object332-20230329-235238,average precision,24,-0.0
random,ShapeNet::FoodItem_16d2017606945083324387582810ec10,1,8.998631626542024e-05,0.005,0.005663623965218694,3.3607083424815563,0.2,0.864963503649635,ShapeNet::FoodItem_16d2017606945083324387582810ec10,0.000_0.048_-0.000_0.153_0.211,learning/experiments/logs/grasp_no-com-2-latents_fit_random_train_geo_object261-20230329-233300,average precision,24,0.016129032258064516
bald,ShapeNet::FoodItem_16d2017606945083324387582810ec10,1,8.998631626542024e-05,0.005,0.005663623965218694,3.3607083424815563,0.2,0.864963503649635,ShapeNet::FoodItem_16d2017606945083324387582810ec10,0.000_0.048_-0.000_0.153_0.211,learning/experiments/logs/grasp_no-com-2-latents_fit_bald_train_geo_object261-20230327-165830,average precision,24,0.018867924528301886
random,ShapeNet::Curtain_fa8f96dc6489417f84024898ac0c92e,0,0.0002197681606439211,0.035,0.009390730877672079,3.7885865041238977,0.2,0.38431372549019616,ShapeNet::Curtain_fa8f96dc6489417f84024898ac0c92e,-0.023_-0.002_0.025_0.144_0.105,learning/experiments/logs/grasp_no-com-2-latents_fit_random_train_geo_object310-20230329-234634,average precision,24,0.06753712237583205
random,ShapeNet::Pizza_b3a8ebcf6e9ca5852721058c5c629b05,3,0.00012233982248549766,0.005,0.00960570911224781,1.6242128350081293,0.2,0.8750877192982456,ShapeNet::Pizza_b3a8ebcf6e9ca5852721058c5c629b05,-0.000_0.000_-0.002_0.175_0.114,learning/experiments/logs/grasp_no-com-2-latents_fit_random_train_geo_object413-20230330-001443,average precision,24,0.07142857142857142
bald,ShapeNet::Curtain_fa8f96dc6489417f84024898ac0c92e,0,0.0002197681606439211,0.035,0.009390730877672079,3.7885865041238977,0.2,0.38431372549019616,ShapeNet::Curtain_fa8f96dc6489417f84024898ac0c92e,-0.023_-0.002_0.025_0.144_0.105,learning/experiments/logs/grasp_no-com-2-latents_fit_bald_train_geo_object310-20230327-175637,average precision,24,0.09045584045584044
bald,ShapeNet::FoodItem_16d2017606945083324387582810ec10,0,8.998631626542024e-05,0.015,0.005663623965218694,3.3607083424815563,0.2,0.864963503649635,ShapeNet::FoodItem_16d2017606945083324387582810ec10,0.000_0.048_-0.000_0.147_0.186,learning/experiments/logs/grasp_no-com-2-latents_fit_bald_train_geo_object260-20230327-165742,average precision,24,0.09191176470588236
random,ShapeNet::FoodItem_16d2017606945083324387582810ec10,0,8.998631626542024e-05,0.015,0.005663623965218694,3.3607083424815563,0.2,0.864963503649635,ShapeNet::FoodItem_16d2017606945083324387582810ec10,0.000_0.048_-0.000_0.147_0.186,learning/experiments/logs/grasp_no-com-2-latents_fit_random_train_geo_object260-20230329-233246,average precision,24,0.11458333333333333
bald,ShapeNet::Pizza_b3a8ebcf6e9ca5852721058c5c629b05,3,0.00012233982248549766,0.005,0.00960570911224781,1.6242128350081293,0.2,0.8750877192982456,ShapeNet::Pizza_b3a8ebcf6e9ca5852721058c5c629b05,-0.000_0.000_-0.002_0.175_0.114,learning/experiments/logs/grasp_no-com-2-latents_fit_bald_train_geo_object413-20230327-195838,average precision,24,0.2
bald,ShapeNet::Curtain_fa8f96dc6489417f84024898ac0c92e,4,0.0002197681606439211,0.04,0.009390730877672079,3.7885865041238977,0.2,0.38431372549019616,ShapeNet::Curtain_fa8f96dc6489417f84024898ac0c92e,-0.023_-0.002_0.025_0.185_0.111,learning/experiments/logs/grasp_no-com-2-latents_fit_bald_train_geo_object314-20230327-175953,average precision,24,0.21373805932629464
bald,ShapeNet::CoffeeTable_9c71de3e26788e20d810b14a81e12eca,3,0.0002021401993313431,0.075,0.013822855758193076,14.829196421960509,0.2,0.8868556701030927,ShapeNet::CoffeeTable_9c71de3e26788e20d810b14a81e12eca,0.000_0.000_0.042_0.200_0.114,learning/experiments/logs/grasp_no-com-2-latents_fit_bald_train_geo_object228-20230327-162034,average precision,24,0.22916666666666666
random,ShapeNet::Curtain_fa8f96dc6489417f84024898ac0c92e,4,0.0002197681606439211,0.04,0.009390730877672079,3.7885865041238977,0.2,0.38431372549019616,ShapeNet::Curtain_fa8f96dc6489417f84024898ac0c92e,-0.023_-0.002_0.025_0.185_0.111,learning/experiments/logs/grasp_no-com-2-latents_fit_random_train_geo_object314-20230329-234738,average precision,24,0.23392857142857143
random,ShapeNet::CoffeeTable_9c71de3e26788e20d810b14a81e12eca,3,0.0002021401993313431,0.075,0.013822855758193076,14.829196421960509,0.2,0.8868556701030927,ShapeNet::CoffeeTable_9c71de3e26788e20d810b14a81e12eca,0.000_0.000_0.042_0.200_0.114,learning/experiments/logs/grasp_no-com-2-latents_fit_random_train_geo_object228-20230329-232402,average precision,24,0.24358974358974358
bald,ShapeNet::FoodItem_16d2017606945083324387582810ec10,2,8.998631626542024e-05,0.165,0.005663623965218694,3.3607083424815563,0.2,0.864963503649635,ShapeNet::FoodItem_16d2017606945083324387582810ec10,0.000_0.048_-0.000_0.175_0.292,learning/experiments/logs/grasp_no-com-2-latents_fit_bald_train_geo_object262-20230327-165916,average precision,24,0.33040350917578715
random,ShapeNet::FoodItem_16d2017606945083324387582810ec10,2,8.998631626542024e-05,0.165,0.005663623965218694,3.3607083424815563,0.2,0.864963503649635,ShapeNet::FoodItem_16d2017606945083324387582810ec10,0.000_0.048_-0.000_0.175_0.292,learning/experiments/logs/grasp_no-com-2-latents_fit_random_train_geo_object262-20230329-233314,average precision,24,0.3430830591192433
bald,ShapeNet::Laptop_eda651202abbb90c94daa4565dd30535,4,0.0001245377222321661,0.045,0.01463830822714789,6.483516703881089,0.2,0.8898071625344353,ShapeNet::Laptop_eda651202abbb90c94daa4565dd30535,-0.000_-0.038_-0.052_0.175_0.121,learning/experiments/logs/grasp_no-com-2-latents_fit_bald_train_geo_object324-20230327-181203,average precision,24,0.3611111111111111
bald,ShapeNet::Canister_714320da4aafcb4a47be2353d2b2403b,1,2.8005664864912037e-05,0.055,0.004857664454787619,2.2356580461387634,0.2,0.8662878787878788,ShapeNet::Canister_714320da4aafcb4a47be2353d2b2403b,0.001_-0.000_-0.028_0.128_0.152,learning/experiments/logs/grasp_no-com-2-latents_fit_bald_train_geo_object41-20230327-122847,average precision,24,0.39999999999999997
random,ShapeNet::Curtain_fa8f96dc6489417f84024898ac0c92e,3,0.0002197681606439211,0.12,0.009390730877672079,3.7885865041238977,0.2,0.38431372549019616,ShapeNet::Curtain_fa8f96dc6489417f84024898ac0c92e,-0.023_-0.002_0.025_0.168_0.228,learning/experiments/logs/grasp_no-com-2-latents_fit_random_train_geo_object313-20230329-234719,average precision,24,0.40230623959093637
random,ShapeNet::Monitor_e79a16c21a1128e0459b6acbd8f6cac3,1,0.00015793256056700384,0.045,0.015741333504833258,3.374377752368634,0.2,0.8753086419753087,ShapeNet::Monitor_e79a16c21a1128e0459b6acbd8f6cac3,0.003_0.000_-0.002_0.196_0.104,learning/experiments/logs/grasp_no-com-2-latents_fit_random_train_geo_object236-20230329-232618,average precision,24,0.42549019607843136
bald,ShapeNet::Curtain_fa8f96dc6489417f84024898ac0c92e,3,0.0002197681606439211,0.12,0.009390730877672079,3.7885865041238977,0.2,0.38431372549019616,ShapeNet::Curtain_fa8f96dc6489417f84024898ac0c92e,-0.023_-0.002_0.025_0.168_0.228,learning/experiments/logs/grasp_no-com-2-latents_fit_bald_train_geo_object313-20230327-175908,average precision,24,0.45338904373136696
bald,ShapeNet::Curtain_fa8f96dc6489417f84024898ac0c92e,1,0.0002197681606439211,0.085,0.009390730877672079,3.7885865041238977,0.2,0.38431372549019616,ShapeNet::Curtain_fa8f96dc6489417f84024898ac0c92e,-0.023_-0.002_0.025_0.115_0.262,learning/experiments/logs/grasp_no-com-2-latents_fit_bald_train_geo_object311-20230327-175726,average precision,24,0.46283444956599346
random,ShapeNet::Curtain_fa8f96dc6489417f84024898ac0c92e,1,0.0002197681606439211,0.085,0.009390730877672079,3.7885865041238977,0.2,0.38431372549019616,ShapeNet::Curtain_fa8f96dc6489417f84024898ac0c92e,-0.023_-0.002_0.025_0.115_0.262,learning/experiments/logs/grasp_no-com-2-latents_fit_random_train_geo_object311-20230329-234648,average precision,24,0.48747165532879816
bald,ShapeNet::Candle_2fc61d27861f88aa4c066935f7480f9e,4,0.00015646304390827933,0.125,0.0029895645622695067,12.380455937448678,0.2,0.7808695652173914,ShapeNet::Candle_2fc61d27861f88aa4c066935f7480f9e,0.000_0.000_-0.087_0.194_0.154,learning/experiments/logs/grasp_no-com-2-latents_fit_bald_train_geo_object204-20230327-154726,average precision,24,0.4927103246692326
random,ShapeNet::Canister_714320da4aafcb4a47be2353d2b2403b,1,2.8005664864912037e-05,0.055,0.004857664454787619,2.2356580461387634,0.2,0.8662878787878788,ShapeNet::Canister_714320da4aafcb4a47be2353d2b2403b,0.001_-0.000_-0.028_0.128_0.152,learning/experiments/logs/grasp_no-com-2-latents_fit_random_train_geo_object41-20230329-223240,average precision,24,0.5275974025974026
random,ShapeNet::Candle_2fc61d27861f88aa4c066935f7480f9e,4,0.00015646304390827933,0.125,0.0029895645622695067,12.380455937448678,0.2,0.7808695652173914,ShapeNet::Candle_2fc61d27861f88aa4c066935f7480f9e,0.000_0.000_-0.087_0.194_0.154,learning/experiments/logs/grasp_no-com-2-latents_fit_random_train_geo_object204-20230329-231649,average precision,24,0.5379166310386406
random,ShapeNet::WallArt_49ce47fb353f3460dd42083791b3d3a8,4,6.492558961880503e-05,0.02,0.014485135025774936,1.0517553584662243,0.2,0.8772222222222222,ShapeNet::WallArt_49ce47fb353f3460dd42083791b3d3a8,0.000_-0.000_-0.000_0.193_0.119,learning/experiments/logs/grasp_no-com-2-latents_fit_random_train_geo_object64-20230329-223835,average precision,24,0.5833333333333333
random,ShapeNet::FoodItem_16d2017606945083324387582810ec10,3,8.998631626542024e-05,0.35,0.005663623965218694,3.3607083424815563,0.2,0.864963503649635,ShapeNet::FoodItem_16d2017606945083324387582810ec10,0.000_0.048_-0.000_0.103_0.288,learning/experiments/logs/grasp_no-com-2-latents_fit_random_train_geo_object263-20230329-233328,average precision,24,0.5939885035540307
bald,ShapeNet::FoodItem_16d2017606945083324387582810ec10,3,8.998631626542024e-05,0.35,0.005663623965218694,3.3607083424815563,0.2,0.864963503649635,ShapeNet::FoodItem_16d2017606945083324387582810ec10,0.000_0.048_-0.000_0.103_0.288,learning/experiments/logs/grasp_no-com-2-latents_fit_bald_train_geo_object263-20230327-170008,average precision,24,0.5953582384429318
random,ShapeNet::Pizza_b3a8ebcf6e9ca5852721058c5c629b05,1,0.00012233982248549766,0.075,0.00960570911224781,1.6242128350081293,0.2,0.8750877192982456,ShapeNet::Pizza_b3a8ebcf6e9ca5852721058c5c629b05,-0.000_0.000_-0.002_0.157_0.157,learning/experiments/logs/grasp_no-com-2-latents_fit_random_train_geo_object411-20230330-001413,average precision,24,0.6097744360902255
bald,ShapeNet::Table_1223b9275d2a2edacd4833986a6efe96,3,8.265773715378142e-05,0.09,0.016955518269289295,7.157417514823189,0.2,0.7573333333333334,ShapeNet::Table_1223b9275d2a2edacd4833986a6efe96,-0.000_-0.006_-0.039_0.142_0.110,learning/experiments/logs/grasp_no-com-2-latents_fit_bald_train_geo_object398-20230327-194050,average precision,24,0.6116758241758242
bald,ShapeNet::Candle_2fc61d27861f88aa4c066935f7480f9e,0,0.00015646304390827933,0.195,0.0029895645622695067,12.380455937448678,0.2,0.7808695652173914,ShapeNet::Candle_2fc61d27861f88aa4c066935f7480f9e,0.000_0.000_-0.087_0.186_0.168,learning/experiments/logs/grasp_no-com-2-latents_fit_bald_train_geo_object200-20230327-154345,average precision,24,0.6157540639658982
random,ShapeNet::Table_1223b9275d2a2edacd4833986a6efe96,1,8.265773715378142e-05,0.02,0.016955518269289295,7.157417514823189,0.2,0.7573333333333334,ShapeNet::Table_1223b9275d2a2edacd4833986a6efe96,-0.000_-0.006_-0.039_0.196_0.114,learning/experiments/logs/grasp_no-com-2-latents_fit_random_train_geo_object396-20230330-001011,average precision,24,0.6428571428571428
random,ShapeNet::Curtain_fa8f96dc6489417f84024898ac0c92e,2,0.0002197681606439211,0.1,0.009390730877672079,3.7885865041238977,0.2,0.38431372549019616,ShapeNet::Curtain_fa8f96dc6489417f84024898ac0c92e,-0.023_-0.002_0.025_0.153_0.292,learning/experiments/logs/grasp_no-com-2-latents_fit_random_train_geo_object312-20230329-234702,average precision,24,0.6507461166284696
bald,ShapeNet::FloorLamp_c93976a662211c519f73111a9e2e25a3,4,0.0001252420487386059,0.24,0.004785456700235774,11.503507256232728,0.2,0.8728395061728396,ShapeNet::FloorLamp_c93976a662211c519f73111a9e2e25a3,0.000_0.000_0.100_0.184_0.192,learning/experiments/logs/grasp_no-com-2-latents_fit_bald_train_geo_object484-20230327-212727,average precision,24,0.6544237502664111
random,ShapeNet::Table_1223b9275d2a2edacd4833986a6efe96,3,8.265773715378142e-05,0.09,0.016955518269289295,7.157417514823189,0.2,0.7573333333333334,ShapeNet::Table_1223b9275d2a2edacd4833986a6efe96,-0.000_-0.006_-0.039_0.142_0.110,learning/experiments/logs/grasp_no-com-2-latents_fit_random_train_geo_object398-20230330-001041,average precision,24,0.6654208754208755
bald,ShapeNet::FloorLamp_f40624156dcbab68620a56d13e6d773b,4,4.7026598856589955e-05,0.245,0.0036962698202672446,53.90219739954268,0.2,0.8629629629629629,ShapeNet::FloorLamp_f40624156dcbab68620a56d13e6d773b,-0.012_0.014_-0.043_0.127_0.113,learning/experiments/logs/grasp_no-com-2-latents_fit_bald_train_geo_object359-20230327-185338,average precision,24,0.6666907387447677
random,ShapeNet::FloorLamp_f40624156dcbab68620a56d13e6d773b,4,4.7026598856589955e-05,0.245,0.0036962698202672446,53.90219739954268,0.2,0.8629629629629629,ShapeNet::FloorLamp_f40624156dcbab68620a56d13e6d773b,-0.012_0.014_-0.043_0.127_0.113,learning/experiments/logs/grasp_no-com-2-latents_fit_random_train_geo_object359-20230329-235951,average precision,24,0.6696638292823704
bald,ShapeNet::Canister_714320da4aafcb4a47be2353d2b2403b,2,2.8005664864912037e-05,0.245,0.004857664454787619,2.2356580461387634,0.2,0.8662878787878788,ShapeNet::Canister_714320da4aafcb4a47be2353d2b2403b,0.001_-0.000_-0.028_0.133_0.182,learning/experiments/logs/grasp_no-com-2-latents_fit_bald_train_geo_object42-20230327-122935,average precision,24,0.6850294762141946
random,ShapeNet::Canister_714320da4aafcb4a47be2353d2b2403b,2,2.8005664864912037e-05,0.245,0.004857664454787619,2.2356580461387634,0.2,0.8662878787878788,ShapeNet::Canister_714320da4aafcb4a47be2353d2b2403b,0.001_-0.000_-0.028_0.133_0.182,learning/experiments/logs/grasp_no-com-2-latents_fit_random_train_geo_object42-20230329-223254,average precision,24,0.691420502707768
random,ShapeNet::Laptop_eda651202abbb90c94daa4565dd30535,3,0.0001245377222321661,0.115,0.01463830822714789,6.483516703881089,0.2,0.8898071625344353,ShapeNet::Laptop_eda651202abbb90c94daa4565dd30535,-0.000_-0.038_-0.052_0.155_0.119,learning/experiments/logs/grasp_no-com-2-latents_fit_random_train_geo_object323-20230329-235009,average precision,24,0.6959833630421866
random,ShapeNet::Candle_2fc61d27861f88aa4c066935f7480f9e,2,0.00015646304390827933,0.135,0.0029895645622695067,12.380455937448678,0.2,0.7808695652173914,ShapeNet::Candle_2fc61d27861f88aa4c066935f7480f9e,0.000_0.000_-0.087_0.118_0.106,learning/experiments/logs/grasp_no-com-2-latents_fit_random_train_geo_object202-20230329-231618,average precision,24,0.7109276839625951
bald,ShapeNet::Pizza_b3a8ebcf6e9ca5852721058c5c629b05,1,0.00012233982248549766,0.075,0.00960570911224781,1.6242128350081293,0.2,0.8750877192982456,ShapeNet::Pizza_b3a8ebcf6e9ca5852721058c5c629b05,-0.000_0.000_-0.002_0.157_0.157,learning/experiments/logs/grasp_no-com-2-latents_fit_bald_train_geo_object411-20230327-195637,average precision,24,0.7286641929499071
bald,ShapeNet::Curtain_fa8f96dc6489417f84024898ac0c92e,2,0.0002197681606439211,0.1,0.009390730877672079,3.7885865041238977,0.2,0.38431372549019616,ShapeNet::Curtain_fa8f96dc6489417f84024898ac0c92e,-0.023_-0.002_0.025_0.153_0.292,learning/experiments/logs/grasp_no-com-2-latents_fit_bald_train_geo_object312-20230327-175813,average precision,24,0.7353943470322781
bald,ShapeNet::Couch_65309e7601a0c65d82608d43718c2b7,4,3.839481615138148e-05,0.025,0.01601532689195279,3.8399288854746594,0.2,0.7386138613861386,ShapeNet::Couch_65309e7601a0c65d82608d43718c2b7,-0.003_0.003_-0.007_0.138_0.164,learning/experiments/logs/grasp_no-com-2-latents_fit_bald_train_geo_object474-20230327-211618,average precision,24,0.75
random,ShapeNet::Couch_65309e7601a0c65d82608d43718c2b7,4,3.839481615138148e-05,0.025,0.01601532689195279,3.8399288854746594,0.2,0.7386138613861386,ShapeNet::Couch_65309e7601a0c65d82608d43718c2b7,-0.003_0.003_-0.007_0.138_0.164,learning/experiments/logs/grasp_no-com-2-latents_fit_random_train_geo_object474-20230330-003202,average precision,24,0.75
